風格,溫度,上衣,下著,鞋子,配件,圖片
甜酷,舒適,黑色短版T恤,高腰破洞牛仔褲,白色帆布鞋,金屬項鍊+黑色棒球帽,assets/images/0001.png
甜酷,舒適,灰色短版連帽外套+黑色細肩帶背心,破損感高腰工裝褲,黑色厚底運動鞋,鉚釘頸鍊+黑色棒球帽+腰鍊,assets/images/0002.png
甜酷,舒適,黑色短版皮衣外套+白色字母印花T恤,高腰做舊牛仔短裙,黑色厚底馬丁靴,金屬項鍊+鏈條側背包+鏡面墨鏡,assets/images/0003.png
甜酷,熱,白色短版背心,淺藍色高腰牛仔短裙,黑色帆布鞋,黑色棒球帽+金屬項鍊,assets/images/0004.png
甜酷,熱,淺紫色短袖T恤,黑色高腰短褲,白色運動鞋,銀色耳環+黑色手提包,assets/images/0005.png
甜酷,熱,黑色短版合身背心上衣,白色高腰百褶短裙,黑色馬丁靴,黑色墨鏡+銀色項鍊,assets/images/0006.png
文青,冷,米色針織高領毛衣,深藍色寬鬆牛仔褲,棕色皮革短靴,深綠色圍巾+棕色帆布包,assets/images/0007.png
文青,冷,灰色羊毛開襟外套,黑色直筒西裝褲,黑色平底鞋,黑框眼鏡+黑色貝雷帽,assets/images/0008.png
文青,冷,深綠色針織衫,棕色格紋長裙,棕色皮革短靴,棕色皮革肩背包+金屬細鏈項鍊,assets/images/0009.png
文青,舒適,白色棉麻襯衫,淺卡其色寬褲,白色帆布鞋,米色帆布包+簡約手錶,assets/images/0010.png
文青,舒適,淺灰色條紋長袖T恤,深藍色牛仔裙,黑色平底鞋,黑色貝雷帽+棕色皮革肩背包,assets/images/0011.png
文青,舒適,淺藍色針織開襟外套,白色直筒褲,白色運動鞋,白色帆布包+銀色耳環,assets/images/0012.png
文青,熱,白色亞麻短袖襯衫,淺棕色高腰短褲,白色帆布鞋,米色草帽+棕色帆布包,assets/images/0013.png
文青,熱,淺灰色素色T恤,淺藍色牛仔裙,白色帆布鞋,棕色皮革肩背包+金屬細鏈項鍊,assets/images/0014.png
文青,熱,淺綠色棉麻背心,白色高腰寬褲,白色帆布鞋,白色帆布包+銀色耳環,assets/images/0015.png
優雅,冷,米色高領羊毛衫,深灰色直筒西裝褲,黑色皮質短靴,黑色皮質手提包+銀色耳環,assets/images/0016.png
優雅,冷,酒紅色羊毛大衣,黑色高腰鉛筆裙,黑色高跟鞋,珍珠項鍊+黑色手套,assets/images/0017.png
優雅,冷,灰色羊絨針織衫,米色A字裙,棕色皮質短靴,棕色皮質肩背包+金色手錶,assets/images/0018.png
優雅,舒適,白色雪紡襯衫,淺藍色高腰直筒褲,裸色高跟鞋,金色耳環+米色手提包,assets/images/0019.png
優雅,舒適,淡粉色針織開襟外套,白色百褶裙,白色平底鞋,珍珠項鍊+粉色手拿包,assets/images/0020.png
優雅,舒適,淺灰色西裝外套,黑色鉛筆裙,黑色高跟鞋,銀色手鍊+黑色手提包,assets/images/0021.png
優雅,熱,白色無袖雪紡上衣,米色高腰短裙,裸色平底鞋,金色耳環+白色手提包,assets/images/0022.png
優雅,熱,淺藍色短袖襯衫,白色A字裙,白色帆布鞋,銀色項鍊+淺藍色肩背包,assets/images/0023.png
優雅,熱,米色短袖針織衫,淺灰色高腰短褲,白色平底鞋,金色手錶+米色手提包,assets/images/0024.png
簡約,冷,黑色高領針織毛衣,灰色直筒西裝褲,黑色短靴,黑色大衣+黑色皮革手提包,assets/images/0025.png
簡約,冷,白色襯衫+黑色針織背心,深灰色長裙,黑色皮鞋,銀色耳環+黑色貝雷帽,assets/images/0026.png
簡約,冷,米色高領毛衣,黑色寬褲,黑色短靴,米色風衣+米色手提包,assets/images/0027.png
簡約,舒適,白色修身襯衫,黑色直筒褲,黑色樂福鞋,黑色手提包+銀色手錶,assets/images/0028.png
簡約,舒適,米色針織上衣,灰色寬褲,白色運動鞋,米色側背包+簡約項鍊,assets/images/0029.png
簡約,舒適,米色襯衫,A字裙,樂福鞋,手鍊+米色手提包,assets/images/0030.png
簡約,熱,白色亞麻短袖襯衫,淺灰色高腰寬短褲,白色帆布鞋,米色手提包+銀色手錶,assets/images/0031.png
簡約,熱,淺藍色無袖上衣,白色直筒棉麻褲,白色帆布鞋,米色水桶包+銀色耳環,assets/images/0032.png
簡約,熱,米色短袖襯衫,白色寬褲,白色帆布鞋,米色手提包+銀色手錶,assets/images/0033.png
可愛,冷,粉紅色高領針織毛衣,白色百褶裙,白色短靴,粉紅色毛線帽+白色手提包,assets/images/0034.png
可愛,冷,淺藍色毛呢外套,米色高腰短裙,米色短靴,淺藍色圍巾+雲朵斜垮包,assets/images/0035.png
可愛,冷,白色針織開襟外套+白色長袖T,粉紅色格紋吊帶裙,白色帆布鞋,白色毛帽+兔子斜背包,assets/images/0036.png
可愛,舒適,粉紅色荷葉邊上衣,白色百褶裙,白色帆布鞋,蝴蝶結髮飾+粉紅色手提包,assets/images/0037.png
可愛,舒適,淺藍色娃娃領洋裝,白色蕾絲襪,瑪麗珍鞋,小巧手提包+淺藍色髮箍,assets/images/0038.png
可愛,舒適,米色針織開襟外套+米色針織衫,粉色格紋吊帶裙,簡約帆布鞋,蝴蝶結髮帶+粉色斜背包,assets/images/0039.png
可愛,熱,碎花短洋裝, ,小白鞋,草帽+斜背小包,assets/images/0040.png
可愛,熱,淺粉色荷葉邊短袖上衣,白色高腰百褶短裙,白色帆布鞋,蝴蝶結髮夾 + 粉色斜背小包,assets/images/0041.png
可愛,熱,荷葉邊無袖上衣,軟呢短裙,簡約帆布鞋,粉色髮夾+簡約帆布包,assets/images/0042.png

